subId,trial,block,randomized,bird_position,bag_position,bucket_position,completed,stayed,time_elapsed
sample_subId,1,1,3,60.0,48.147,52,1,0,223456
sample_subId,2,1,3,55.457,50.992,50,1,0,228296
sample_subId,3,1,3,63.725,63.497,50,1,0,233825
sample_subId,4,1,3,58.416,46.606,60,1,0,238434
sample_subId,5,1,3,50.649,52.72,42,1,0,243119
sample_subId,6,1,3,44.73,28.58,48,1,0,247879
sample_subId,7,1,3,40.721,42.319,52,1,0,253462
sample_subId,8,1,3,36.81,40.217,48,1,0,258231
sample_subId,9,1,3,38.059,27.899,44,1,0,263029
sample_subId,10,1,3,36.681,32.799,38,1,0,267678
sample_subId,11,1,3,40.786,45.541,36,1,0,272613
sample_subId,12,1,3,34.823,32.611,54,1,0,277314
sample_subId,13,1,3,40.425,25.564,52,1,0,283145
sample_subId,14,1,3,29.859,30.185,24,1,0,287989
sample_subId,15,1,3,35.99,38.254,32,1,0,292742
sample_subId,16,1,3,34.291,34.799,40,1,0,297562
sample_subId,17,1,3,35.459,38.926,38,1,0,302245
sample_subId,18,1,3,21.701,25.083,38,1,1,306266
sample_subId,19,1,3,12.81,23.206,32,1,0,310914
sample_subId,20,1,3,21.036,12.638,28,1,0,315514
sample_subId,21,1,3,35.24,20.949,24,1,0,320301
sample_subId,22,1,3,33.314,39.843,24,1,1,324318
sample_subId,23,1,3,37.54,34.914,38,1,0,328974
sample_subId,24,1,3,50.009,40.292,36,1,0,333953
sample_subId,25,1,3,62.424,71.319,40,1,0,338719
sample_subId,26,1,3,49.368,45.308,74,1,0,343574
sample_subId,27,1,3,42.011,49.201,44,1,0,348148
sample_subId,28,1,3,39.089,42.107,48,1,0,353079
sample_subId,29,1,3,48.904,60.523,42,1,0,357861
sample_subId,30,1,3,39.33,42.905,62,1,0,362724
sample_subId,31,1,3,37.282,42.449,50,1,0,367340
sample_subId,32,1,3,46.178,41.189,46,1,0,372200
sample_subId,33,1,3,46.64,41.878,42,1,0,377324
sample_subId,34,1,3,49.799,62.69,42,1,1,381341
sample_subId,35,1,3,47.544,44.752,62,1,0,385894
sample_subId,36,1,3,53.063,54.376,56,1,0,390516
sample_subId,37,1,3,59.564,46.471,52,1,0,395937
sample_subId,38,1,3,56.128,60.779,48,1,0,400910
sample_subId,39,1,3,68.709,67.677,60,1,0,405477
sample_subId,40,1,3,72.844,76.306,64,1,0,410366
sample_subId,41,1,3,68.393,66.432,70,1,0,415042
sample_subId,42,1,3,72.616,63.933,64,1,0,419933
sample_subId,43,1,3,68.87,82.316,56,1,0,425085
sample_subId,44,1,3,67.784,69.195,62,1,0,429802
sample_subId,45,1,3,72.069,55.497,68,1,0,434405
sample_subId,46,1,3,64.759,66.447,60,1,0,439089
sample_subId,47,1,3,62.339,57.676,66,1,0,443775
sample_subId,48,1,3,54.139,54.285,58,1,0,448482
sample_subId,49,1,3,49.34,61.298,54,1,0,453111
sample_subId,50,1,3,55.824,52.425,56,1,0,457898
sample_subId,1,2,0,60.0,54.073,50,1,1,465222
sample_subId,2,2,0,58.702,56.47,54,1,0,469952
sample_subId,3,2,0,61.064,60.95,56,1,0,474781
sample_subId,4,2,0,59.547,53.642,62,1,0,479458
sample_subId,5,2,0,57.328,58.364,58,1,0,484114
sample_subId,6,2,0,55.637,47.562,58,1,1,488132
sample_subId,7,2,0,54.492,55.291,54,1,0,492738
sample_subId,8,2,0,53.374,55.078,56,1,0,497566
sample_subId,9,2,0,53.731,48.651,56,1,1,501584
sample_subId,10,2,0,53.337,51.397,52,1,0,506277
sample_subId,11,2,0,54.51,56.888,52,1,1,510300
sample_subId,12,2,0,52.807,51.701,50,1,0,515217
sample_subId,13,2,0,54.407,46.977,48,1,0,520642
sample_subId,14,2,0,51.388,51.551,46,1,0,525496
sample_subId,15,2,0,53.14,54.272,54,1,0,530070
sample_subId,16,2,0,52.655,52.909,56,1,0,535019
sample_subId,17,2,0,52.988,54.722,54,1,0,540539
sample_subId,18,2,0,49.057,50.749,56,1,0,545384
sample_subId,19,2,0,46.517,51.715,50,1,0,550145
sample_subId,20,2,0,48.868,44.668,52,1,0,555157
sample_subId,21,2,0,52.926,45.78,48,1,0,561137
sample_subId,22,2,0,52.376,55.64,50,1,0,566066
sample_subId,23,2,0,53.583,52.27,54,1,0,570831
sample_subId,24,2,0,57.145,52.287,56,1,0,575780
sample_subId,25,2,0,60.693,65.14,54,1,0,580401
sample_subId,26,2,0,56.962,54.932,62,1,0,585048
sample_subId,27,2,0,54.86,58.455,58,1,0,589756
sample_subId,28,2,0,54.025,55.534,56,1,0,595503
sample_subId,29,2,0,56.83,62.639,54,1,0,600428
sample_subId,30,2,0,54.094,55.882,60,1,0,605092
sample_subId,31,2,0,53.509,56.092,60,1,0,609974
sample_subId,32,2,0,56.051,53.556,58,1,0,614820
sample_subId,33,2,0,56.183,53.802,56,1,0,620092
sample_subId,34,2,0,57.085,63.531,54,1,0,624930
sample_subId,35,2,0,56.441,55.045,66,1,0,629666
sample_subId,36,2,0,58.018,58.675,56,1,0,634359
sample_subId,37,2,0,59.875,53.329,58,1,0,639405
sample_subId,38,2,0,58.894,61.219,58,1,1,643418
sample_subId,39,2,0,62.488,61.973,60,1,0,648289
sample_subId,40,2,0,63.67,65.401,62,1,0,653192
sample_subId,41,2,0,62.398,61.418,66,1,0,658053
sample_subId,42,2,0,63.605,59.263,58,1,0,662714
sample_subId,43,2,0,62.534,69.257,62,1,0,667422
sample_subId,44,2,0,62.224,62.93,66,1,0,672298
sample_subId,45,2,0,63.448,55.163,64,1,0,676923
sample_subId,46,2,0,61.36,62.204,60,1,0,681739
sample_subId,47,2,0,60.668,58.337,62,1,0,687187
sample_subId,48,2,0,58.326,58.398,60,1,0,692274
sample_subId,49,2,0,56.954,62.933,62,1,0,697646
sample_subId,50,2,0,58.807,57.108,64,1,0,702424
sample_subId,1,3,2,60.0,48.147,50,1,1,709639
sample_subId,2,3,2,58.702,54.238,48,1,0,715134
sample_subId,3,3,2,61.064,60.837,58,1,0,719817
sample_subId,4,3,2,59.547,47.737,62,1,0,724484
sample_subId,5,3,2,57.328,59.399,54,1,0,729169
sample_subId,6,3,2,55.637,39.488,58,1,0,733757
sample_subId,7,3,2,54.492,56.09,60,1,0,739406
sample_subId,8,3,2,53.374,56.781,58,1,0,744217
sample_subId,9,3,2,53.731,43.571,60,1,0,750050
sample_subId,10,3,2,53.337,49.456,60,1,0,755215
sample_subId,11,3,2,54.51,59.265,56,1,0,760024
sample_subId,12,3,2,52.807,50.595,62,1,0,765285
sample_subId,13,3,2,54.407,39.547,60,1,0,770228
sample_subId,14,3,2,51.388,51.714,64,1,0,775001
sample_subId,15,3,2,53.14,55.404,60,1,0,780008
sample_subId,16,3,2,52.655,53.163,52,1,0,784766
sample_subId,17,3,2,52.988,56.456,46,1,0,790114
sample_subId,18,3,2,49.057,52.44,48,1,0,795305
sample_subId,19,3,2,46.517,56.913,46,1,0,801133
sample_subId,20,3,2,48.868,40.469,46,1,0,806731
sample_subId,21,3,2,52.926,38.635,62,1,0,811339
sample_subId,22,3,2,52.376,58.904,58,1,0,816050
sample_subId,23,3,2,53.583,50.957,60,1,0,821739
sample_subId,24,3,2,57.145,47.429,56,1,0,826419
sample_subId,25,3,2,60.693,69.587,58,1,0,831503
sample_subId,26,3,2,56.962,52.902,70,1,0,836223
sample_subId,27,3,2,54.86,62.05,40,1,0,840941
sample_subId,28,3,2,54.025,57.043,40,1,1,844956
sample_subId,29,3,2,56.83,68.449,42,1,0,849561
sample_subId,30,3,2,54.094,57.67,54,1,0,854126
sample_subId,31,3,2,53.509,58.676,54,1,0,858936
sample_subId,32,3,2,56.051,51.061,54,1,0,863967
sample_subId,33,3,2,56.183,51.421,52,1,0,869013
sample_subId,34,3,2,57.085,69.976,44,1,0,873650
sample_subId,35,3,2,56.441,53.649,70,1,0,878333
sample_subId,36,3,2,58.018,59.331,52,1,0,882983
sample_subId,37,3,2,59.875,46.783,56,1,0,888358
sample_subId,38,3,2,58.894,63.545,48,1,0,892998
sample_subId,39,3,2,62.488,61.457,66,1,0,897598
sample_subId,40,3,2,63.67,67.132,52,1,0,902316
sample_subId,41,3,2,62.398,60.437,52,1,0,907232
sample_subId,42,3,2,63.605,54.921,54,1,0,911814
sample_subId,43,3,2,62.534,75.981,52,1,0,917330
sample_subId,44,3,2,62.224,63.635,74,1,0,922206
sample_subId,45,3,2,63.448,46.877,62,1,0,926838
sample_subId,46,3,2,61.36,63.048,42,1,0,931442
sample_subId,47,3,2,60.668,56.006,62,1,0,936484
sample_subId,48,3,2,58.326,58.471,56,1,0,941934
sample_subId,49,3,2,56.954,68.913,58,1,0,946715
sample_subId,50,3,2,58.807,55.408,68,1,0,951322
sample_subId,1,4,1,60.0,54.073,50,1,1,958445
sample_subId,2,4,1,55.457,53.225,52,1,0,963234
sample_subId,3,4,1,63.725,63.611,54,1,0,968684
sample_subId,4,4,1,58.416,52.511,60,1,0,973379
sample_subId,5,4,1,50.649,51.684,54,1,0,977947
sample_subId,6,4,1,44.73,36.655,52,1,0,982637
sample_subId,7,4,1,40.721,41.52,42,1,0,987316
sample_subId,8,4,1,36.81,38.514,40,1,0,992390
sample_subId,9,4,1,38.059,32.979,42,1,0,997667
sample_subId,10,4,1,36.681,34.74,36,1,0,1002316
sample_subId,11,4,1,40.786,43.163,36,1,0,1007202
sample_subId,12,4,1,34.823,33.717,42,1,0,1011880
sample_subId,13,4,1,40.425,32.995,38,1,0,1016609
sample_subId,14,4,1,29.859,30.022,36,1,0,1021439
sample_subId,15,4,1,35.99,37.122,34,1,0,1026228
sample_subId,16,4,1,34.291,34.545,42,1,0,1030864
sample_subId,17,4,1,35.459,37.192,40,1,0,1035622
sample_subId,18,4,1,21.701,23.392,38,1,0,1040585
sample_subId,19,4,1,12.81,18.008,32,1,0,1045303
sample_subId,20,4,1,21.036,16.837,18,1,0,1049914
sample_subId,21,4,1,35.24,28.095,18,1,1,1053936
sample_subId,22,4,1,33.314,36.579,34,1,0,1058545
sample_subId,23,4,1,37.54,36.227,40,1,0,1063334
sample_subId,24,4,1,50.009,45.15,42,1,0,1068168
sample_subId,25,4,1,62.424,66.872,48,1,0,1072804
sample_subId,26,4,1,49.368,47.338,54,1,0,1077501
sample_subId,27,4,1,42.011,45.606,50,1,0,1082927
sample_subId,28,4,1,39.089,40.598,46,1,0,1087715
sample_subId,29,4,1,48.904,54.714,40,1,0,1092423
sample_subId,30,4,1,39.33,41.118,46,1,0,1097469
sample_subId,31,4,1,37.282,39.865,42,1,0,1102133
sample_subId,32,4,1,46.178,43.683,38,1,0,1106864
sample_subId,33,4,1,46.64,44.259,42,1,0,1111651
sample_subId,34,4,1,49.799,56.245,44,1,0,1116455
sample_subId,35,4,1,47.544,46.148,44,1,1,1120462
sample_subId,36,4,1,53.063,53.719,48,1,0,1125083
sample_subId,37,4,1,59.564,53.017,52,1,0,1129667
sample_subId,38,4,1,56.128,58.454,52,1,1,1133679
sample_subId,39,4,1,68.709,68.193,60,1,0,1138416
sample_subId,40,4,1,72.844,74.575,72,1,0,1143282
sample_subId,41,4,1,68.393,67.413,74,1,0,1148283
sample_subId,42,4,1,72.616,68.275,70,1,0,1153447
sample_subId,43,4,1,68.87,75.593,66,1,0,1158330
sample_subId,44,4,1,67.784,68.49,74,1,0,1163071
sample_subId,45,4,1,72.069,63.783,70,1,0,1167807
sample_subId,46,4,1,64.759,65.603,64,1,0,1172355
sample_subId,47,4,1,62.339,60.008,62,1,0,1177124
sample_subId,48,4,1,54.139,54.212,60,1,0,1181787
sample_subId,49,4,1,49.34,55.319,58,1,0,1186457
sample_subId,50,4,1,55.824,54.125,56,1,0,1191572
